{
  "households_powered": 473,
  "co2_reduced_kg": 71042.87673897743,
  "cost_savings_inr": 852514.5208677291,
  "trees_equivalent": 3552,
  "grid_load_reduced_percent": 100,
  "community_reach": 2368
}